variable_1,variable_2
-4.092320326709926,-3.147804847232059
-5.060609830616343,-2.518785460183903
-1.5146098081444759,-1.9364986559429838
-4.067302195230692,-2.7177197816962035
-3.778286699680711,-2.8741629115969642
-5.16566331958846,-2.668060866729406
-4.341851978748926,-2.0313976598364474
-4.316840067526464,-3.1623887373298136
-4.183020220150664,-3.1490268620847055
-4.967654018894754,-3.0401640040454776
-3.6318406821691056,-2.6976308467580514
-5.326449610641483,-3.290038248583029
-3.4385954763649154,-2.4061193274845136
-4.680518229257184,-2.649165926028737
-4.562738174956487,-2.549262863219368
-6.2913822893891655,-3.9450893590445615
-3.235179033709823,-2.5645096298850665
-4.955495295780579,-2.3547125803951783
-3.6730282834880006,-2.81111062621794
-3.2354518887986563,-1.7212039620945652
-4.958022211521682,-2.6934693764566977
-3.3131519642198928,-2.003278118254993
-4.182149053319987,-2.470305272781205
-5.024908006275627,-2.9128791228853816
-4.77311645761495,-2.8696695366202802
-4.472601247563358,-2.386159532407772
-2.2991043786569647,-1.7851977323192383
-3.3234827320212457,-2.5104418457730513
-4.048913164064656,-1.6647897116840917
-3.2649360232588407,-1.5538048638534243
-2.043797413049218,-1.6590302757590696
-4.320970647514715,-2.3319795848660725
-4.981841745058993,-2.5619511234685146
-3.5011320804392803,-2.5026539270292454
-4.911183103018979,-3.0917505717336633
-2.3078585062481083,-2.258453420793315
-3.0930438621726375,-1.7343152439451412
-4.323113272587018,-2.2730582225303255
-3.5613072917391193,-2.176833636946064
-4.623969247375499,-3.007947672719061
-4.351833464056637,-3.067203040903529
-3.5043362881792772,-2.4579151108516433
-2.782428303939038,-1.576022428287319
-3.4795563907877742,-2.217747875231286
-4.6423167903205,-2.5822715613999665
-4.718516800040342,-2.9364638698071186
-3.5090240140961035,-2.2864343350613745
-1.7741683558344215,-2.157154931449999
-2.2878057267246534,-2.1694985064896506
-4.230320722823237,-3.1432657509646855
-3.8874690690389384,-1.6921935111163855
-3.7782299381898,-1.9579974337095454
-2.910067635614459,-2.042296647589909
-2.859987018581598,-2.0927776869497303
-4.525992649294782,-3.7728958739282437
-4.54098119888449,-2.648978186625281
-2.9933966864527144,-2.8009126496977306
-3.954438515869212,-2.7808995259544957
-4.264649941457465,-2.6272816748324046
-5.729142002249027,-3.5517205953451447
-2.9013865029249066,-1.8161203284992062
-4.568725685749661,-2.017703768583348
-5.016123853552327,-2.831472227481325
-5.348823357108239,-3.897563946033553
-3.066156640338752,-2.5401536315860227
-3.237757048435445,-2.8901007651346093
-4.655360749396012,-2.974356292573509
-2.118294289506758,-2.090470365828955
-4.549019232344431,-2.307411223463556
-6.919838452440516,-2.364806076141639
-4.226638443274935,-3.189736262610995
-1.6863198286577723,-1.1230170665908776
-2.9946808319672122,-2.207925141980123
-3.2839684251259524,-2.2026687372106157
-5.2260119029699075,-3.057492965465685
-3.5766808245619695,-2.8727938961341413
-2.016895752823484,-1.7320297102861113
-4.360701446948277,-1.6723337463341577
-4.379104674394423,-2.1343163437389
-3.161297137031487,-2.7392511326473503
-2.7512620845770863,-2.2577569495494743
-6.177946979946727,-4.124155208293814
-4.720125911477474,-3.400659155117723
-5.130367007235357,-2.8756764607117278
-3.815638453750825,-2.426042999500838
-3.3760071080272365,-1.913288152802608
-3.2010328770099403,-2.7836721941868134
-2.6160766420306074,-1.66918538034276
-5.798866982502744,-3.358553133791384
-3.935721277305702,-2.3013974954109178
-5.5084848692967885,-3.1708773243523343
-3.8050248529450807,-1.7597514936527054
-4.84352129767759,-2.0612334888388366
-3.9129611120510495,-3.1592732724862564
-2.867239057193132,-0.9504263841390228
-5.879292234643944,-3.5966105943862248
-3.920464832003281,-1.6161981721607888
-2.5526692200176857,-2.2504298287492412
-4.623459595655814,-3.056785828380721
-3.9553980909223725,-2.5705681383718164
-0.20003757951208068,3.86519000429814
-0.6115320854582993,3.434196019048391
-0.3102173441364994,0.9381274718330097
-1.4988309832354365,2.0189222371987356
-0.9090318647472889,2.165638767659562
-2.188206801266128,3.92845309168551
-1.3268373546785839,3.132357257684912
-0.2300907322423975,3.049890470010391
-0.31636986896340946,4.070780760487121
-1.399917217802244,2.8847216687504815
-0.762912849340936,3.004867064605163
-1.7700143316698815,3.1670818940710186
-0.8828661453024058,3.3471277306902425
-0.6608912147756778,6.357536612497286
-0.887287924890818,2.2027737682806774
-0.8705241369539153,1.4691461963384016
-0.32392402281956956,3.7988818375024733
-1.1704031591393536,2.2624124132875174
-0.3504184413462129,0.8076279917769988
-0.9716768121839018,1.9224070538106544
-0.7529100298541744,2.217234577975169
-1.3390023741122064,0.9626107406976017
-2.589820464733316,5.269208079514353
0.5851288208839505,2.3796825993254083
-2.7872520811061703,6.145518806369699
-0.647429246219384,2.8670074189368897
-2.252638610859207,4.892165370115132
-0.4062406898435288,3.093227855577247
-1.3985688620436856,3.598809389056461
-1.8504039443179354,2.765404851512619
-1.0900640821489942,2.882689996079183
-1.4442218370173296,3.338818886463932
-0.5048834026711719,3.929738747901146
-0.825085795434988,3.4442913413238903
-1.0186536342436885,3.2583975750815295
-0.5394369775679636,2.47372938021834
0.40062003161749327,3.531027856247821
-1.3018899991358615,5.008714485645211
-1.4575921020424523,2.1292338999252314
-1.2477209640950484,4.563184271675957
-2.3078239024510565,3.3623805290484787
-1.0297876047878434,4.313656914119093
-0.9169713383679456,1.8817866677500688
-1.0585694572063378,3.5006133394340173
-0.9647215923120205,2.857462626749292
-0.8117234641650041,2.95517112274806
-3.1933746664566294,4.279195527709256
-0.8014136255034343,2.9767952204572037
-1.3469574394093058,3.4472848595216834
-0.16758969852536643,1.3392266508788018
-2.609237933911606,4.776255902313077
-1.518490387831707,4.080007343791488
-1.6657273418385499,2.9123889231425397
-0.03364043532731387,3.1046310703873083
-0.07425454540615517,4.202311556619681
-1.1277785449503228,4.584992199363475
-1.3272346935983586,5.207178078576091
-1.4850169723519615,4.047329470646838
-1.4786861072420154,3.1271901811026135
-2.11747031519415,4.040355771989071
-1.39981172959679,4.019363675123482
-0.9220834595855915,4.643444221317641
-1.1637651683605015,5.352468321341887
-0.49040543841531303,1.4594397113828392
-0.9258194345745481,1.8043770444820737
-1.1157273229608486,4.993132952815522
-1.4157368134117876,2.220309761084738
-1.8056844116813595,2.9815080603784687
-0.5601097525913927,2.528164447227506
-1.0092398729688667,4.596214996997766
0.00513406821693474,0.7471739519892409
-0.7551737999196879,3.3656967080854465
-2.915687276634956,4.543449448805555
-0.4062214467249968,2.674411354499522
0.5201332187532843,1.7717111974250062
-0.5770147340722875,3.7816615623330474
-0.26784007433644097,2.743172848111626
-1.2240444807239794,4.422206801663034
-0.9060257785519944,3.513993839738769
-0.7924380627016504,2.220935601625656
-0.6960457806363028,3.112689617170201
-2.0428926538981704,4.076657150309992
0.01106335556387572,3.3726144543564613
-1.2750328268944633,2.211316273836754
-0.5200064323400719,3.598830278902753
-0.13650245086806856,3.4905586630132563
-0.7520364885065243,4.3171102545682505
0.3244171532499245,4.295509187185885
-2.235650234371271,2.555549929831745
-1.8634155481544687,4.8661869075763935
-0.1831212440028459,3.592433012988766
-1.253114122563892,1.17842024032482
-0.9548055591963467,1.2752065115558848
-0.812556470254284,3.792504488012524
-2.0194638668485565,3.207887770558161
-0.1514477407045003,0.6742097700089444
-0.5340742988245889,2.7779540785273786
-1.1568205566790792,3.9998669469001906
-1.1179142104223245,4.082795088528562
-1.6465599730732323,3.634751232698075
3.2116219599412155,2.15864596099525
4.260577525193353,1.6825557183408288
3.946604829188396,1.785673914008191
3.27672073487316,2.6687796323919772
1.3096606479011155,0.9547505927524598
1.8454708405333766,0.11857853561986076
2.6886302537660765,2.6042129264917575
3.1012110704752627,2.1594634620672304
4.542380948132022,3.070414780718373
3.3274875223150144,3.091295832616846
3.496623254518043,1.32486796815356
2.776587651258512,0.8063533029933783
2.46851735584469,1.711357718255175
4.24280707858126,3.387328990435634
1.9503557968953318,2.3167076299723033
2.308668309701754,2.382713027955721
3.262515160881722,0.5238765319155791
4.373606098486759,1.5122328315431663
2.8400407059536628,1.137538033331864
2.713781910200332,2.3449763020915477
3.201518860759769,2.264975777447325
3.779586842746716,3.0647514665162756
3.0404828519432505,0.8093191623000218
4.519312313466227,1.7327456916039585
4.568994417976352,2.3090885101275704
3.2624617979955515,2.28119211541945
5.446239235951563,3.6745152363428844
3.4727675484233473,2.129149785217513
4.528770199906782,1.31820627861373
3.749327153865355,1.9791487053690955
3.729229709689949,1.3281165887044093
1.732847548253905,0.3287073231084656
2.2280776554917425,1.6302041630044817
3.092498069713733,3.561845694954278
4.559975632376298,1.2243373442705514
3.764679701514114,1.6718030334820884
3.1017566905639242,2.1494143152957625
4.0493921460151885,1.7264810659630079
4.515776900671173,1.07933996882051
3.4066484646946495,4.094311512979882
3.6339680079129084,3.1554944760859502
3.4959871726541696,2.468237463685698
3.340445283293579,1.862613015839008
2.5824719653215036,2.346920046535893
2.506900261436026,2.5366119728621066
4.538258613066949,2.295507067799313
3.0997797954692903,2.3659987509242377
3.076260968151206,2.754262206117984
1.4792050942825283,1.7294246895999361
1.3120187644706784,0.7946434237323052
4.830430774313901,2.721721205706172
2.645402765247387,0.7886429869688929
0.29077592421609966,1.5618199130004662
5.938552681088941,2.350614908722096
2.8131156352004965,2.3749596522624157
1.7628530677543213,1.7602902415340809
3.504332853892514,1.9305834352722195
4.229404457615678,2.277861864563572
4.100946241253992,1.4450165233871104
4.341636744364481,3.3132909527471313
2.382498599741576,1.284316882158433
4.8009824311797535,1.8457335460677415
4.872340297249944,1.6432163027898425
4.926064674883559,2.106007254533112
3.6708326747534095,3.2615159994110563
3.020571922249813,1.2412431090034033
2.9295418896474255,2.364683289839114
1.7578180309943894,2.5139454724213874
2.8349318749422197,2.9253961517594345
0.8888786073978201,1.365850398511996
1.6312172808285164,1.3338725082934646
3.659754188473093,1.8555028750266311
3.134255363759479,1.8716610537304197
3.6133153863759566,1.1868922481405828
4.141350157700819,2.5342583854274148
3.803831195894906,2.448691606100864
3.710885822005029,3.640728550329907
3.308654862776083,1.7524215943609602
2.609693606380937,1.1677632285854482
2.0947869778658665,1.2834286974737092
3.3258697903312644,2.2695173489949156
3.453638243523143,1.3828057277946417
4.344121535730328,2.596133554644845
3.2325594425804,1.4736021753687707
3.975196055949853,2.151549151218532
1.8811913170491055,1.9451925654458413
3.6748254782410616,1.2746428736535296
3.5991094301745523,0.8270846145831436
4.801403804494732,3.0061294436534465
3.13515758546671,2.2930262551395786
0.8724525188694856,1.0677227116298922
3.0918820691385736,1.1356187240794569
4.149265352084669,3.610271943067283
2.165956071375308,1.3248154181497676
3.6469403319706797,3.2989233651649985
2.117963005232243,2.2007793406675367
5.310194349894918,0.668309200926869
2.0564032807417734,1.6584774354830651
2.854002266342389,2.65514010284692
3.6534548523944146,0.5689798381714297
2.78832587980789,-2.4929438575757183
2.96639988699875,-1.562339824467658
3.1560716841886975,-4.049519140350847
3.483952229490348,-2.333531257311762
2.8657578616558697,-5.325615072227416
2.8595775805059667,-4.491193890071531
2.8816400604008887,-4.994270493574439
1.9934012782198987,-4.004240404125492
3.344123991955919,-2.3647473358802373
3.719139420850413,-4.147783525885523
2.8984883223560076,-3.740676309931485
2.6947744206447406,-2.7870861616523643
2.803128511424626,-2.552916716336075
3.720598716629791,-3.8893142991993863
1.237548307907205,-4.132741321685465
5.0028215761918595,-1.5920665316016818
1.7034507561309498,-3.4254122614274274
2.739496886568973,-3.538263073441432
2.2665160118543817,-3.2771962626466737
3.4802885691880876,-2.567235030614932
3.016938833185344,-5.1152312370981345
3.66960765508847,-0.7258260871758431
2.8203626098858954,-3.5908648705717727
2.1101953864051053,-2.212019139390126
2.8062807885984533,-2.9459687216662434
3.4014879372543887,-0.9272709649511235
2.7832262790750706,-1.0177275861735082
3.356903407743979,-2.5295112261117185
2.8696003734738267,-4.282083323217876
3.135260395344906,-1.6797011354970972
2.5240466792930163,-5.256550130608513
2.5424049089705756,-4.250845592900243
1.9339062100679956,-3.063480048641408
2.8507419806179253,-5.232767646818784
1.2869521490113693,-3.481530767827189
3.382452364055111,-2.2825648884099383
1.9979721481634778,-3.8866753728246186
3.4435682849404743,-2.2311886623890227
3.912205646012361,-0.35866152541612584
3.0044588718799754,-2.7051197439493078
3.6070529606205506,-2.2924692197069008
3.025174001732084,-1.6046818931509603
2.5871287359497863,-3.663619019050241
4.134262975912472,-2.4448093668205324
2.61392911447847,-3.6996460768807116
2.9359783554790075,-2.7838176790335396
1.883941860382751,-1.7301226891383967
2.2939486123417456,-4.097862824080891
1.772380815085009,-5.890458279490863
2.6253241612025002,-4.2858664633023285
3.1560624729716795,-1.8117333366556434
2.6817271161731284,-4.44654084854103
2.6912978942989865,-1.788316960428276
3.0914035991103597,-4.38531318638695
3.335273876144626,-3.559105483794025
3.4255844966670383,-3.3136116343140207
2.708009780611373,-4.4579335001368525
2.19808646633014,-3.2882960047155088
2.989718894882303,-5.197427393444188
2.277988417682357,-3.4857502373536207
3.6637720890128542,-3.472989785886533
1.4571395975589858,-5.768559260485539
3.640323240252551,-4.525083428846795
3.547206661363483,-2.9621962792280976
2.0014855675884524,-4.432706022114911
3.158783977823724,-2.663104251374056
3.036043455635211,-2.506284966566791
3.1732264340042105,-2.8833820373880497
3.7076433444549037,-2.365090069263184
1.1795470213512165,-4.860566170128203
4.00218082453197,-2.145161307420132
1.5813752671124663,-4.184892304113708
3.596794661605268,-3.208170721203724
3.8101646815028625,-1.0838544521798812
2.351303846570192,-3.5288735561988425
2.8200332875814316,-3.144691544151488
3.974506629871106,-4.71849279654515
4.185963839878313,-1.184656266625106
3.269983781878315,-4.43880450237377
3.4466525008106044,-2.482809415685163
3.7323701585347333,-1.7671007576945341
3.5931803994270126,-2.387516014728906
2.0023380042510333,-2.5387018514434962
2.682666792743863,-3.0213468475895966
3.677182911469711,-4.9899705124742155
4.307074302623032,-1.2838676191656402
3.8965969771731093,-3.0761496380587694
3.1274024253863555,-3.213368893242793
2.9422614883123934,-4.585547779131805
2.2195313040467903,-2.9464243822217306
2.9371380629968393,-3.2512800686710848
4.041396080937054,-1.1361416928532893
3.1553758873679354,-3.220466561481772
2.887996437467784,-3.118144454696534
2.609959290256559,-4.496341262439955
2.029811539128623,-3.935084234660024
3.3799695254687947,-2.6319775898828093
2.433674135050829,-5.357313734380661
3.921891106008754,-2.1347511254049403
3.305865283977027,-1.9570213936292937
